,studytime,absences,goout,freetime,famsup,schoolsup
0,0.08365294968062233,0.0734333641512146,0.6937849605682166,-0.17164653548813819,-1.2592288793217572,2.9230322692469244
1,0.08365294968062233,-0.35786304611248015,-0.1573803313198222,-0.17164653548813819,0.7941368058034197,-0.3421104893438741
2,0.08365294968062233,0.5047297744149093,-1.0085456232078611,-0.17164653548813819,-1.2592288793217572,2.9230322692469244
3,1.2901143795189296,-0.7891594563761749,-1.0085456232078611,-1.1237713349052476,0.7941368058034197,-0.3421104893438741
4,0.08365294968062233,-0.7891594563761749,-1.0085456232078611,-0.17164653548813819,0.7941368058034197,-0.3421104893438741
5,0.08365294968062233,0.5047297744149093,-1.0085456232078611,0.7804782639289712,0.7941368058034197,-0.3421104893438741
6,0.08365294968062233,-0.7891594563761749,0.6937849605682166,0.7804782639289712,-1.2592288793217572,-0.3421104893438741
7,0.08365294968062233,-0.35786304611248015,0.6937849605682166,-2.075896134322357,0.7941368058034197,2.9230322692469244
8,0.08365294968062233,-0.7891594563761749,-1.0085456232078611,-1.1237713349052476,0.7941368058034197,-0.3421104893438741
9,0.08365294968062233,-0.7891594563761749,-1.8597109150959,1.7326030633460807,0.7941368058034197,-0.3421104893438741
10,0.08365294968062233,-0.35786304611248015,-0.1573803313198222,-0.17164653548813819,0.7941368058034197,-0.3421104893438741
11,1.2901143795189296,-0.7891594563761749,-1.0085456232078611,-1.1237713349052476,0.7941368058034197,-0.3421104893438741
12,-1.122808480157685,-0.7891594563761749,-0.1573803313198222,-0.17164653548813819,0.7941368058034197,-0.3421104893438741
13,0.08365294968062233,-0.7891594563761749,-0.1573803313198222,0.7804782639289712,0.7941368058034197,-0.3421104893438741
14,1.2901143795189296,-0.7891594563761749,-1.0085456232078611,1.7326030633460807,0.7941368058034197,-0.3421104893438741
15,-1.122808480157685,0.5047297744149093,0.6937849605682166,0.7804782639289712,0.7941368058034197,-0.3421104893438741
16,1.2901143795189296,1.367322594942299,-0.1573803313198222,-1.1237713349052476,0.7941368058034197,-0.3421104893438741
17,0.08365294968062233,-0.35786304611248015,-1.0085456232078611,-0.17164653548813819,0.7941368058034197,2.9230322692469244
18,-1.122808480157685,-0.35786304611248015,1.5449502524562555,1.7326030633460807,0.7941368058034197,-0.3421104893438741
19,-1.122808480157685,0.5047297744149093,-0.1573803313198222,-2.075896134322357,-1.2592288793217572,-0.3421104893438741
20,0.08365294968062233,-0.7891594563761749,-1.8597109150959,0.7804782639289712,-1.2592288793217572,-0.3421104893438741
21,-1.122808480157685,-0.7891594563761749,-1.0085456232078611,0.7804782639289712,0.7941368058034197,-0.3421104893438741
22,0.08365294968062233,-0.7891594563761749,-1.8597109150959,1.7326030633460807,-1.2592288793217572,-0.3421104893438741
23,0.08365294968062233,-0.35786304611248015,0.6937849605682166,0.7804782639289712,0.7941368058034197,-0.3421104893438741
24,1.2901143795189296,-0.35786304611248015,-1.0085456232078611,-0.17164653548813819,0.7941368058034197,2.9230322692469244
25,-1.122808480157685,0.5047297744149093,-1.0085456232078611,-1.1237713349052476,0.7941368058034197,-0.3421104893438741
26,-1.122808480157685,0.9360261846786041,-1.0085456232078611,-1.1237713349052476,0.7941368058034197,-0.3421104893438741
27,-1.122808480157685,-0.7891594563761749,0.6937849605682166,-1.1237713349052476,-1.2592288793217572,-0.3421104893438741
28,0.08365294968062233,-0.35786304611248015,-0.1573803313198222,-0.17164653548813819,0.7941368058034197,2.9230322692469244
29,0.08365294968062233,0.0734333641512146,1.5449502524562555,0.7804782639289712,0.7941368058034197,-0.3421104893438741
30,0.08365294968062233,-0.7891594563761749,-1.0085456232078611,0.7804782639289712,0.7941368058034197,-0.3421104893438741
31,0.08365294968062233,-0.35786304611248015,-1.8597109150959,-0.17164653548813819,0.7941368058034197,-0.3421104893438741
32,0.08365294968062233,-0.7891594563761749,-1.0085456232078611,1.7326030633460807,0.7941368058034197,-0.3421104893438741
33,0.08365294968062233,-0.7891594563761749,-1.0085456232078611,-0.17164653548813819,-1.2592288793217572,-0.3421104893438741
34,-1.122808480157685,0.0734333641512146,-0.1573803313198222,0.7804782639289712,0.7941368058034197,-0.3421104893438741
35,-1.122808480157685,0.0734333641512146,-1.8597109150959,1.7326030633460807,0.7941368058034197,-0.3421104893438741
36,1.2901143795189296,-0.7891594563761749,-0.1573803313198222,0.7804782639289712,0.7941368058034197,-0.3421104893438741
37,1.2901143795189296,0.0734333641512146,-0.1573803313198222,0.7804782639289712,0.7941368058034197,-0.3421104893438741
38,1.2901143795189296,-0.35786304611248015,-1.0085456232078611,-0.17164653548813819,0.7941368058034197,2.9230322692469244
39,-1.122808480157685,0.9360261846786041,-1.8597109150959,-0.17164653548813819,0.7941368058034197,2.9230322692469244
40,0.08365294968062233,2.661211825733383,-0.1573803313198222,-0.17164653548813819,0.7941368058034197,-0.3421104893438741
41,-1.122808480157685,0.9360261846786041,-0.1573803313198222,0.7804782639289712,0.7941368058034197,-0.3421104893438741
42,0.08365294968062233,-0.7891594563761749,-0.1573803313198222,-0.17164653548813819,0.7941368058034197,-0.3421104893438741
43,-1.122808480157685,-0.7891594563761749,-1.8597109150959,0.7804782639289712,0.7941368058034197,2.9230322692469244
44,0.08365294968062233,2.2299154154696885,-0.1573803313198222,-0.17164653548813819,-1.2592288793217572,2.9230322692469244
45,0.08365294968062233,0.0734333641512146,-1.0085456232078611,-1.1237713349052476,0.7941368058034197,2.9230322692469244
46,0.08365294968062233,0.5047297744149093,1.5449502524562555,-0.17164653548813819,0.7941368058034197,-0.3421104893438741
47,2.496575809357237,-0.35786304611248015,-1.0085456232078611,-1.1237713349052476,-1.2592288793217572,-0.3421104893438741
48,0.08365294968062233,0.0734333641512146,-0.1573803313198222,-0.17164653548813819,0.7941368058034197,-0.3421104893438741
49,0.08365294968062233,-0.35786304611248015,0.6937849605682166,0.7804782639289712,0.7941368058034197,2.9230322692469244
50,0.08365294968062233,-0.7891594563761749,-0.1573803313198222,-0.17164653548813819,0.7941368058034197,-0.3421104893438741
51,0.08365294968062233,-0.7891594563761749,-0.1573803313198222,-0.17164653548813819,0.7941368058034197,-0.3421104893438741
52,-1.122808480157685,0.0734333641512146,1.5449502524562555,1.7326030633460807,-1.2592288793217572,-0.3421104893438741
53,-1.122808480157685,-0.7891594563761749,0.6937849605682166,-0.17164653548813819,0.7941368058034197,2.9230322692469244
54,-1.122808480157685,-0.7891594563761749,0.6937849605682166,-0.17164653548813819,-1.2592288793217572,-0.3421104893438741
55,0.08365294968062233,-0.35786304611248015,0.6937849605682166,-0.17164653548813819,-1.2592288793217572,-0.3421104893438741
56,0.08365294968062233,-0.7891594563761749,-1.0085456232078611,-0.17164653548813819,0.7941368058034197,-0.3421104893438741
57,0.08365294968062233,0.9360261846786041,-1.0085456232078611,-1.1237713349052476,0.7941368058034197,-0.3421104893438741
58,0.08365294968062233,-0.7891594563761749,-1.0085456232078611,-0.17164653548813819,0.7941368058034197,2.9230322692469244
59,0.08365294968062233,-0.35786304611248015,-0.1573803313198222,-1.1237713349052476,0.7941368058034197,-0.3421104893438741
60,0.08365294968062233,-0.7891594563761749,0.6937849605682166,0.7804782639289712,0.7941368058034197,-0.3421104893438741
61,-1.122808480157685,-0.7891594563761749,1.5449502524562555,1.7326030633460807,0.7941368058034197,2.9230322692469244
62,0.08365294968062233,-0.7891594563761749,-0.1573803313198222,0.7804782639289712,-1.2592288793217572,2.9230322692469244
63,1.2901143795189296,-0.7891594563761749,0.6937849605682166,0.7804782639289712,0.7941368058034197,2.9230322692469244
64,0.08365294968062233,-0.7891594563761749,0.6937849605682166,0.7804782639289712,-1.2592288793217572,2.9230322692469244
65,0.08365294968062233,-0.35786304611248015,-0.1573803313198222,0.7804782639289712,0.7941368058034197,-0.3421104893438741
66,2.496575809357237,-0.7891594563761749,-0.1573803313198222,-0.17164653548813819,0.7941368058034197,-0.3421104893438741
67,2.496575809357237,-0.7891594563761749,-0.1573803313198222,-0.17164653548813819,0.7941368058034197,2.9230322692469244
68,0.08365294968062233,-0.7891594563761749,-0.1573803313198222,-2.075896134322357,0.7941368058034197,2.9230322692469244
69,2.496575809357237,0.5047297744149093,-1.0085456232078611,0.7804782639289712,0.7941368058034197,-0.3421104893438741
70,2.496575809357237,-0.35786304611248015,-1.0085456232078611,-0.17164653548813819,0.7941368058034197,-0.3421104893438741
71,2.496575809357237,-0.7891594563761749,-0.1573803313198222,-0.17164653548813819,-1.2592288793217572,-0.3421104893438741
72,0.08365294968062233,-0.35786304611248015,0.6937849605682166,-0.17164653548813819,0.7941368058034197,2.9230322692469244
73,-1.122808480157685,-0.7891594563761749,-1.0085456232078611,-0.17164653548813819,-1.2592288793217572,-0.3421104893438741
74,0.08365294968062233,0.0734333641512146,-0.1573803313198222,-0.17164653548813819,0.7941368058034197,2.9230322692469244
75,0.08365294968062233,-0.7891594563761749,-0.1573803313198222,-0.17164653548813819,0.7941368058034197,-0.3421104893438741
76,2.496575809357237,-0.7891594563761749,-0.1573803313198222,0.7804782639289712,-1.2592288793217572,-0.3421104893438741
77,2.496575809357237,-0.5735112512443276,-0.1573803313198222,-1.1237713349052476,-1.2592288793217572,-0.3421104893438741
78,-1.122808480157685,-0.7891594563761749,-1.8597109150959,1.7326030633460807,0.7941368058034197,2.9230322692469244
79,0.08365294968062233,2.2299154154696885,-0.1573803313198222,0.7804782639289712,0.7941368058034197,-0.3421104893438741
80,-1.122808480157685,-0.7891594563761749,-1.0085456232078611,-1.1237713349052476,0.7941368058034197,2.9230322692469244
81,1.2901143795189296,-0.35786304611248015,-1.0085456232078611,-0.17164653548813819,-1.2592288793217572,2.9230322692469244
82,0.08365294968062233,0.0734333641512146,0.6937849605682166,0.7804782639289712,0.7941368058034197,-0.3421104893438741
83,0.08365294968062233,-0.35786304611248015,-0.1573803313198222,-0.17164653548813819,-1.2592288793217572,-0.3421104893438741
84,0.08365294968062233,-0.35786304611248015,-1.0085456232078611,-0.17164653548813819,0.7941368058034197,-0.3421104893438741
85,0.08365294968062233,0.0734333641512146,0.6937849605682166,0.7804782639289712,-1.2592288793217572,-0.3421104893438741
86,0.08365294968062233,0.5047297744149093,0.6937849605682166,-0.17164653548813819,0.7941368058034197,-0.3421104893438741
87,1.2901143795189296,0.0734333641512146,-0.1573803313198222,-0.17164653548813819,0.7941368058034197,-0.3421104893438741
88,0.08365294968062233,0.5047297744149093,-1.0085456232078611,0.7804782639289712,-1.2592288793217572,-0.3421104893438741
89,0.08365294968062233,0.5047297744149093,-0.1573803313198222,-2.075896134322357,0.7941368058034197,-0.3421104893438741
90,1.2901143795189296,-0.35786304611248015,-0.1573803313198222,-0.17164653548813819,0.7941368058034197,-0.3421104893438741
91,-1.122808480157685,0.5047297744149093,1.5449502524562555,1.7326030633460807,-1.2592288793217572,-0.3421104893438741
92,0.08365294968062233,-0.7891594563761749,-0.1573803313198222,-0.17164653548813819,0.7941368058034197,2.9230322692469244
93,0.08365294968062233,-0.35786304611248015,-0.1573803313198222,-0.17164653548813819,0.7941368058034197,-0.3421104893438741
94,2.496575809357237,-0.35786304611248015,0.6937849605682166,-0.17164653548813819,0.7941368058034197,-0.3421104893438741
95,2.496575809357237,0.0734333641512146,-1.0085456232078611,-2.075896134322357,0.7941368058034197,2.9230322692469244
96,-1.122808480157685,0.5047297744149093,-0.1573803313198222,-0.17164653548813819,0.7941368058034197,2.9230322692469244
97,0.08365294968062233,-0.7891594563761749,1.5449502524562555,-0.17164653548813819,0.7941368058034197,-0.3421104893438741
98,-1.122808480157685,0.0734333641512146,0.6937849605682166,-0.17164653548813819,-1.2592288793217572,-0.3421104893438741
99,1.2901143795189296,-0.35786304611248015,1.5449502524562555,-0.17164653548813819,0.7941368058034197,2.9230322692469244
100,-1.122808480157685,1.7986190052059936,1.5449502524562555,1.7326030633460807,0.7941368058034197,2.9230322692469244
101,1.2901143795189296,-0.7891594563761749,-0.1573803313198222,0.7804782639289712,0.7941368058034197,-0.3421104893438741
102,-1.122808480157685,-0.35786304611248015,-0.1573803313198222,-0.17164653548813819,0.7941368058034197,-0.3421104893438741
103,0.08365294968062233,2.661211825733383,1.5449502524562555,-0.17164653548813819,0.7941368058034197,2.9230322692469244
104,0.08365294968062233,-0.7891594563761749,0.6937849605682166,0.7804782639289712,0.7941368058034197,-0.3421104893438741
105,2.496575809357237,1.367322594942299,-0.1573803313198222,-0.17164653548813819,-1.2592288793217572,2.9230322692469244
106,2.496575809357237,0.0734333641512146,-1.0085456232078611,-2.075896134322357,0.7941368058034197,2.9230322692469244
107,1.2901143795189296,0.0734333641512146,-0.1573803313198222,-0.17164653548813819,0.7941368058034197,-0.3421104893438741
108,2.496575809357237,0.9360261846786041,1.5449502524562555,-0.17164653548813819,0.7941368058034197,-0.3421104893438741
109,1.2901143795189296,-0.35786304611248015,1.5449502524562555,0.7804782639289712,0.7941368058034197,-0.3421104893438741
110,-1.122808480157685,0.0734333641512146,-0.1573803313198222,1.7326030633460807,-1.2592288793217572,-0.3421104893438741
111,1.2901143795189296,0.0734333641512146,-1.0085456232078611,-2.075896134322357,0.7941368058034197,2.9230322692469244
112,0.08365294968062233,1.7986190052059936,-1.0085456232078611,-2.075896134322357,-1.2592288793217572,2.9230322692469244
113,-1.122808480157685,1.367322594942299,-1.0085456232078611,1.7326030633460807,-1.2592288793217572,-0.3421104893438741
114,0.08365294968062233,0.0734333641512146,-1.0085456232078611,0.7804782639289712,-1.2592288793217572,-0.3421104893438741
115,0.08365294968062233,0.5047297744149093,0.6937849605682166,0.7804782639289712,0.7941368058034197,-0.3421104893438741
116,0.08365294968062233,0.0734333641512146,-0.1573803313198222,0.7804782639289712,0.7941368058034197,-0.3421104893438741
117,-1.122808480157685,0.5047297744149093,-1.0085456232078611,0.7804782639289712,-1.2592288793217572,-0.3421104893438741
118,0.08365294968062233,2.2299154154696885,0.6937849605682166,-1.1237713349052476,0.7941368058034197,-0.3421104893438741
119,-1.122808480157685,-0.35786304611248015,-0.1573803313198222,0.7804782639289712,-1.2592288793217572,-0.3421104893438741
120,0.08365294968062233,-0.7891594563761749,-0.1573803313198222,-1.1237713349052476,-1.2592288793217572,-0.3421104893438741
121,2.496575809357237,0.5047297744149093,0.6937849605682166,1.7326030633460807,0.7941368058034197,-0.3421104893438741
122,0.08365294968062233,-0.35786304611248015,-1.0085456232078611,-1.1237713349052476,0.7941368058034197,-0.3421104893438741
123,-1.122808480157685,0.0734333641512146,0.6937849605682166,0.7804782639289712,0.7941368058034197,-0.3421104893438741
124,0.08365294968062233,-0.7891594563761749,0.6937849605682166,0.7804782639289712,-1.2592288793217572,-0.3421104893438741
125,-1.122808480157685,-0.35786304611248015,1.5449502524562555,1.7326030633460807,-1.2592288793217572,2.9230322692469244
126,0.08365294968062233,-0.7891594563761749,-1.0085456232078611,-0.17164653548813819,-1.2592288793217572,2.9230322692469244
127,0.08365294968062233,-0.7891594563761749,-1.0085456232078611,0.7804782639289712,0.7941368058034197,-0.3421104893438741
128,-1.122808480157685,0.9360261846786041,1.5449502524562555,1.7326030633460807,-1.2592288793217572,-0.3421104893438741
129,1.2901143795189296,0.0734333641512146,-0.1573803313198222,-1.1237713349052476,0.7941368058034197,-0.3421104893438741
130,1.2901143795189296,-0.7891594563761749,-1.0085456232078611,-1.1237713349052476,0.7941368058034197,-0.3421104893438741
131,0.08365294968062233,1.367322594942299,1.5449502524562555,0.7804782639289712,0.7941368058034197,-0.3421104893438741
132,-1.122808480157685,0.9360261846786041,-1.0085456232078611,-1.1237713349052476,0.7941368058034197,-0.3421104893438741
133,-1.122808480157685,0.5047297744149093,-0.1573803313198222,-0.17164653548813819,0.7941368058034197,-0.3421104893438741
134,-1.122808480157685,-0.35786304611248015,0.6937849605682166,0.7804782639289712,0.7941368058034197,-0.3421104893438741
135,-1.122808480157685,1.7986190052059936,-1.8597109150959,-1.1237713349052476,-1.2592288793217572,-0.3421104893438741
136,-1.122808480157685,0.0734333641512146,-1.8597109150959,-1.1237713349052476,-1.2592288793217572,-0.3421104893438741
137,-1.122808480157685,1.7986190052059936,0.6937849605682166,-0.17164653548813819,-1.2592288793217572,-0.3421104893438741
138,0.08365294968062233,-0.35786304611248015,-0.1573803313198222,-0.17164653548813819,0.7941368058034197,-0.3421104893438741
139,1.2901143795189296,0.0734333641512146,-0.1573803313198222,-0.17164653548813819,0.7941368058034197,-0.3421104893438741
140,0.08365294968062233,-0.35786304611248015,1.5449502524562555,0.7804782639289712,-1.2592288793217572,-0.3421104893438741
141,0.08365294968062233,-0.7891594563761749,-0.1573803313198222,-2.075896134322357,0.7941368058034197,-0.3421104893438741
142,-1.122808480157685,-0.35786304611248015,0.6937849605682166,-0.17164653548813819,-1.2592288793217572,-0.3421104893438741
143,1.2901143795189296,1.367322594942299,-0.1573803313198222,-0.17164653548813819,0.7941368058034197,-0.3421104893438741
144,-1.122808480157685,0.9360261846786041,-0.1573803313198222,-0.17164653548813819,0.7941368058034197,-0.3421104893438741
145,-1.122808480157685,0.0734333641512146,-1.0085456232078611,-0.17164653548813819,0.7941368058034197,-0.3421104893438741
146,0.08365294968062233,-0.7891594563761749,0.6937849605682166,0.7804782639289712,-1.2592288793217572,-0.3421104893438741
147,-1.122808480157685,0.5047297744149093,-1.0085456232078611,-0.17164653548813819,-1.2592288793217572,-0.3421104893438741
148,-1.122808480157685,-0.35786304611248015,1.5449502524562555,1.7326030633460807,-1.2592288793217572,-0.3421104893438741
149,2.496575809357237,0.5047297744149093,-1.0085456232078611,-1.1237713349052476,0.7941368058034197,2.9230322692469244
150,0.08365294968062233,4.3863974667881624,-1.0085456232078611,-0.17164653548813819,-1.2592288793217572,-0.3421104893438741
151,1.2901143795189296,-0.7891594563761749,-0.1573803313198222,-0.17164653548813819,0.7941368058034197,-0.3421104893438741
152,-1.122808480157685,0.0734333641512146,-0.1573803313198222,-0.17164653548813819,0.7941368058034197,-0.3421104893438741
153,1.2901143795189296,-0.35786304611248015,-1.0085456232078611,-1.1237713349052476,0.7941368058034197,-0.3421104893438741
154,-1.122808480157685,0.0734333641512146,0.6937849605682166,0.7804782639289712,-1.2592288793217572,-0.3421104893438741
155,-1.122808480157685,3.9551010565244673,1.5449502524562555,0.7804782639289712,0.7941368058034197,-0.3421104893438741
156,0.08365294968062233,-0.7891594563761749,-1.0085456232078611,0.7804782639289712,0.7941368058034197,-0.3421104893438741
157,-1.122808480157685,-0.7891594563761749,-1.0085456232078611,0.7804782639289712,0.7941368058034197,-0.3421104893438741
158,0.08365294968062233,-0.35786304611248015,-1.0085456232078611,-0.17164653548813819,0.7941368058034197,-0.3421104893438741
159,0.08365294968062233,0.5047297744149093,-1.0085456232078611,-0.17164653548813819,0.7941368058034197,-0.3421104893438741
160,0.08365294968062233,0.5047297744149093,0.6937849605682166,-0.17164653548813819,-1.2592288793217572,-0.3421104893438741
161,-1.122808480157685,2.661211825733383,-1.0085456232078611,-0.17164653548813819,0.7941368058034197,-0.3421104893438741
162,-1.122808480157685,-0.7891594563761749,1.5449502524562555,1.7326030633460807,-1.2592288793217572,-0.3421104893438741
163,-1.122808480157685,-0.7891594563761749,1.5449502524562555,-0.17164653548813819,-1.2592288793217572,-0.3421104893438741
164,-1.122808480157685,0.5047297744149093,0.6937849605682166,0.7804782639289712,-1.2592288793217572,-0.3421104893438741
165,1.2901143795189296,-0.35786304611248015,-1.8597109150959,-1.1237713349052476,0.7941368058034197,-0.3421104893438741
166,-1.122808480157685,0.5047297744149093,0.6937849605682166,1.7326030633460807,0.7941368058034197,-0.3421104893438741
167,-1.122808480157685,-0.7891594563761749,-1.8597109150959,-1.1237713349052476,0.7941368058034197,2.9230322692469244
168,0.08365294968062233,-0.7891594563761749,0.6937849605682166,0.7804782639289712,-1.2592288793217572,2.9230322692469244
169,-1.122808480157685,2.2299154154696885,-1.0085456232078611,-1.1237713349052476,-1.2592288793217572,-0.3421104893438741
170,-1.122808480157685,0.5047297744149093,1.5449502524562555,-1.1237713349052476,0.7941368058034197,-0.3421104893438741
171,-1.122808480157685,0.0734333641512146,-1.0085456232078611,-1.1237713349052476,-1.2592288793217572,-0.3421104893438741
172,0.08365294968062233,-0.7891594563761749,1.5449502524562555,1.7326030633460807,0.7941368058034197,-0.3421104893438741
173,-1.122808480157685,-0.7891594563761749,1.5449502524562555,0.7804782639289712,-1.2592288793217572,-0.3421104893438741
174,-1.122808480157685,0.9360261846786041,-1.0085456232078611,-0.17164653548813819,-1.2592288793217572,-0.3421104893438741
175,0.08365294968062233,0.0734333641512146,0.6937849605682166,0.7804782639289712,0.7941368058034197,2.9230322692469244
176,-1.122808480157685,-0.35786304611248015,0.6937849605682166,0.7804782639289712,-1.2592288793217572,-0.3421104893438741
177,-1.122808480157685,-0.35786304611248015,-0.1573803313198222,-0.17164653548813819,-1.2592288793217572,-0.3421104893438741
178,0.08365294968062233,-0.7891594563761749,1.5449502524562555,-0.17164653548813819,-1.2592288793217572,-0.3421104893438741
179,-1.122808480157685,1.367322594942299,-1.0085456232078611,1.7326030633460807,0.7941368058034197,-0.3421104893438741
180,0.08365294968062233,-0.7891594563761749,1.5449502524562555,-0.17164653548813819,-1.2592288793217572,-0.3421104893438741
181,0.08365294968062233,-0.7891594563761749,-0.1573803313198222,-1.1237713349052476,-1.2592288793217572,-0.3421104893438741
182,0.08365294968062233,-0.7891594563761749,1.5449502524562555,-2.075896134322357,0.7941368058034197,-0.3421104893438741
183,0.08365294968062233,-0.7891594563761749,-1.0085456232078611,0.7804782639289712,0.7941368058034197,-0.3421104893438741
184,-1.122808480157685,0.0734333641512146,1.5449502524562555,0.7804782639289712,0.7941368058034197,-0.3421104893438741
185,0.08365294968062233,-0.7891594563761749,-1.0085456232078611,-0.17164653548813819,0.7941368058034197,-0.3421104893438741
186,0.08365294968062233,-0.7891594563761749,0.6937849605682166,0.7804782639289712,0.7941368058034197,-0.3421104893438741
187,0.08365294968062233,-0.7891594563761749,1.5449502524562555,-0.17164653548813819,-1.2592288793217572,-0.3421104893438741
188,0.08365294968062233,-0.7891594563761749,1.5449502524562555,0.7804782639289712,0.7941368058034197,-0.3421104893438741
189,0.08365294968062233,-0.7891594563761749,0.6937849605682166,0.7804782639289712,-1.2592288793217572,-0.3421104893438741
190,0.08365294968062233,-0.7891594563761749,0.6937849605682166,0.7804782639289712,-1.2592288793217572,-0.3421104893438741
191,0.08365294968062233,0.0734333641512146,0.6937849605682166,-0.17164653548813819,-1.2592288793217572,-0.3421104893438741
192,-1.122808480157685,0.9360261846786041,-0.1573803313198222,-0.17164653548813819,0.7941368058034197,-0.3421104893438741
193,0.08365294968062233,0.0734333641512146,-0.1573803313198222,-1.1237713349052476,0.7941368058034197,-0.3421104893438741
194,0.08365294968062233,0.0734333641512146,-0.1573803313198222,0.7804782639289712,0.7941368058034197,-0.3421104893438741
195,0.08365294968062233,-0.7891594563761749,-0.1573803313198222,-1.1237713349052476,-1.2592288793217572,-0.3421104893438741
196,0.08365294968062233,-0.7891594563761749,-1.0085456232078611,0.7804782639289712,0.7941368058034197,-0.3421104893438741
197,0.08365294968062233,6.111583107842941,-0.1573803313198222,-0.17164653548813819,0.7941368058034197,-0.3421104893438741
198,0.08365294968062233,0.9360261846786041,-1.0085456232078611,-1.1237713349052476,0.7941368058034197,-0.3421104893438741
199,0.08365294968062233,0.5047297744149093,0.6937849605682166,-0.17164653548813819,0.7941368058034197,-0.3421104893438741
200,-1.122808480157685,-0.7891594563761749,-0.1573803313198222,-0.17164653548813819,0.7941368058034197,-0.3421104893438741
201,0.08365294968062233,-0.7891594563761749,-0.1573803313198222,-1.1237713349052476,-1.2592288793217572,-0.3421104893438741
202,0.08365294968062233,1.367322594942299,-0.1573803313198222,-0.17164653548813819,0.7941368058034197,-0.3421104893438741
203,0.08365294968062233,0.5047297744149093,-0.1573803313198222,-2.075896134322357,-1.2592288793217572,-0.3421104893438741
204,0.08365294968062233,0.5047297744149093,-0.1573803313198222,-0.17164653548813819,-1.2592288793217572,-0.3421104893438741
205,0.08365294968062233,-0.7891594563761749,-0.1573803313198222,-0.17164653548813819,-1.2592288793217572,-0.3421104893438741
206,0.08365294968062233,2.661211825733383,0.6937849605682166,0.7804782639289712,-1.2592288793217572,-0.3421104893438741
207,-1.122808480157685,-0.7891594563761749,-1.0085456232078611,-0.17164653548813819,0.7941368058034197,-0.3421104893438741
208,-1.122808480157685,-0.7891594563761749,-0.1573803313198222,-0.17164653548813819,-1.2592288793217572,-0.3421104893438741
209,0.08365294968062233,0.9360261846786041,-1.0085456232078611,-0.17164653548813819,-1.2592288793217572,-0.3421104893438741
210,-1.122808480157685,0.0734333641512146,-0.1573803313198222,-1.1237713349052476,-1.2592288793217572,-0.3421104893438741
211,-1.122808480157685,2.661211825733383,0.6937849605682166,-0.17164653548813819,0.7941368058034197,-0.3421104893438741
212,-1.122808480157685,5.6802866975792465,0.6937849605682166,-1.1237713349052476,0.7941368058034197,-0.3421104893438741
213,0.08365294968062233,-0.7891594563761749,-1.0085456232078611,1.7326030633460807,0.7941368058034197,-0.3421104893438741
214,0.08365294968062233,-0.35786304611248015,1.5449502524562555,-0.17164653548813819,0.7941368058034197,-0.3421104893438741
215,0.08365294968062233,0.0734333641512146,-0.1573803313198222,0.7804782639289712,0.7941368058034197,2.9230322692469244
216,0.08365294968062233,-0.7891594563761749,0.6937849605682166,0.7804782639289712,0.7941368058034197,-0.3421104893438741
217,-1.122808480157685,3.73945285139262,-1.0085456232078611,-0.17164653548813819,0.7941368058034197,-0.3421104893438741
218,2.496575809357237,0.5047297744149093,1.5449502524562555,-0.17164653548813819,0.7941368058034197,-0.3421104893438741
219,1.2901143795189296,2.2299154154696885,-0.1573803313198222,0.7804782639289712,0.7941368058034197,-0.3421104893438741
220,0.08365294968062233,-0.35786304611248015,-0.1573803313198222,-0.17164653548813819,0.7941368058034197,-0.3421104893438741
221,0.08365294968062233,0.0734333641512146,-1.0085456232078611,-0.17164653548813819,-1.2592288793217572,-0.3421104893438741
222,-1.122808480157685,-0.35786304611248015,-1.0085456232078611,-0.17164653548813819,0.7941368058034197,-0.3421104893438741
223,1.2901143795189296,-0.7891594563761749,-1.0085456232078611,0.7804782639289712,0.7941368058034197,-0.3421104893438741
224,2.496575809357237,0.0734333641512146,-0.1573803313198222,-0.17164653548813819,0.7941368058034197,-0.3421104893438741
225,0.08365294968062233,2.445563620601536,1.5449502524562555,-0.17164653548813819,0.7941368058034197,-0.3421104893438741
226,0.08365294968062233,-0.7891594563761749,0.6937849605682166,-0.17164653548813819,0.7941368058034197,2.9230322692469244
227,0.08365294968062233,1.367322594942299,0.6937849605682166,0.7804782639289712,0.7941368058034197,-0.3421104893438741
228,-1.122808480157685,0.5047297744149093,-1.8597109150959,-1.1237713349052476,0.7941368058034197,-0.3421104893438741
229,0.08365294968062233,-0.35786304611248015,0.6937849605682166,0.7804782639289712,-1.2592288793217572,-0.3421104893438741
230,0.08365294968062233,2.661211825733383,1.5449502524562555,0.7804782639289712,-1.2592288793217572,-0.3421104893438741
231,0.08365294968062233,1.367322594942299,0.6937849605682166,-1.1237713349052476,0.7941368058034197,-0.3421104893438741
232,-1.122808480157685,0.0734333641512146,-0.1573803313198222,-0.17164653548813819,0.7941368058034197,-0.3421104893438741
233,1.2901143795189296,-0.7891594563761749,-0.1573803313198222,-0.17164653548813819,0.7941368058034197,-0.3421104893438741
234,0.08365294968062233,-0.7891594563761749,1.5449502524562555,-1.1237713349052476,0.7941368058034197,-0.3421104893438741
235,1.2901143795189296,1.7986190052059936,0.6937849605682166,-0.17164653548813819,0.7941368058034197,-0.3421104893438741
236,0.08365294968062233,-0.7891594563761749,-1.8597109150959,-0.17164653548813819,-1.2592288793217572,2.9230322692469244
237,0.08365294968062233,1.1516743898104516,-0.1573803313198222,-0.17164653548813819,0.7941368058034197,-0.3421104893438741
238,1.2901143795189296,0.0734333641512146,-1.0085456232078611,-0.17164653548813819,0.7941368058034197,-0.3421104893438741
239,0.08365294968062233,0.0734333641512146,-0.1573803313198222,-0.17164653548813819,-1.2592288793217572,-0.3421104893438741
240,0.08365294968062233,-0.35786304611248015,0.6937849605682166,-0.17164653548813819,-1.2592288793217572,-0.3421104893438741
241,0.08365294968062233,-0.7891594563761749,-0.1573803313198222,-0.17164653548813819,0.7941368058034197,-0.3421104893438741
242,0.08365294968062233,-0.35786304611248015,-1.0085456232078611,-0.17164653548813819,0.7941368058034197,2.9230322692469244
243,1.2901143795189296,-0.7891594563761749,-0.1573803313198222,-1.1237713349052476,-1.2592288793217572,-0.3421104893438741
244,0.08365294968062233,-0.7891594563761749,-0.1573803313198222,-1.1237713349052476,-1.2592288793217572,-0.3421104893438741
245,0.08365294968062233,-0.7891594563761749,-1.0085456232078611,1.7326030633460807,0.7941368058034197,-0.3421104893438741
246,0.08365294968062233,-0.7891594563761749,1.5449502524562555,1.7326030633460807,0.7941368058034197,2.9230322692469244
247,0.08365294968062233,-0.7891594563761749,0.6937849605682166,-1.1237713349052476,0.7941368058034197,-0.3421104893438741
248,0.08365294968062233,-0.35786304611248015,-1.0085456232078611,0.7804782639289712,0.7941368058034197,-0.3421104893438741
249,1.2901143795189296,-0.7891594563761749,-0.1573803313198222,-0.17164653548813819,-1.2592288793217572,-0.3421104893438741
250,0.08365294968062233,-0.7891594563761749,-1.0085456232078611,0.7804782639289712,-1.2592288793217572,-0.3421104893438741
251,-1.122808480157685,0.0734333641512146,-1.0085456232078611,1.7326030633460807,-1.2592288793217572,-0.3421104893438741
252,0.08365294968062233,-0.7891594563761749,-0.1573803313198222,-0.17164653548813819,-1.2592288793217572,-0.3421104893438741
253,0.08365294968062233,3.092508235997078,-0.1573803313198222,-0.17164653548813819,0.7941368058034197,-0.3421104893438741
254,0.08365294968062233,2.661211825733383,-1.8597109150959,-0.17164653548813819,0.7941368058034197,-0.3421104893438741
255,-1.122808480157685,2.2299154154696885,-1.8597109150959,-2.075896134322357,-1.2592288793217572,-0.3421104893438741
256,-1.122808480157685,4.817693877051857,-0.1573803313198222,0.7804782639289712,0.7941368058034197,-0.3421104893438741
257,-1.122808480157685,0.5047297744149093,-1.8597109150959,-1.1237713349052476,0.7941368058034197,-0.3421104893438741
258,0.08365294968062233,0.0734333641512146,-1.0085456232078611,0.7804782639289712,-1.2592288793217572,-0.3421104893438741
259,1.2901143795189296,1.367322594942299,-1.0085456232078611,-0.17164653548813819,0.7941368058034197,-0.3421104893438741
260,-1.122808480157685,0.0734333641512146,1.5449502524562555,-0.17164653548813819,-1.2592288793217572,-0.3421104893438741
261,0.08365294968062233,-0.35786304611248015,-1.8597109150959,-2.075896134322357,-1.2592288793217572,-0.3421104893438741
262,-1.122808480157685,2.2299154154696885,0.6937849605682166,1.7326030633460807,0.7941368058034197,-0.3421104893438741
263,0.08365294968062233,2.661211825733383,0.6937849605682166,1.7326030633460807,-1.2592288793217572,-0.3421104893438741
264,-1.122808480157685,0.9360261846786041,-1.0085456232078611,-2.075896134322357,0.7941368058034197,-0.3421104893438741
265,1.2901143795189296,0.0734333641512146,-0.1573803313198222,-0.17164653548813819,-1.2592288793217572,-0.3421104893438741
266,0.08365294968062233,0.0734333641512146,-1.0085456232078611,-0.17164653548813819,0.7941368058034197,-0.3421104893438741
267,0.08365294968062233,0.9360261846786041,1.5449502524562555,1.7326030633460807,-1.2592288793217572,-0.3421104893438741
268,0.08365294968062233,-0.7891594563761749,-0.1573803313198222,-0.17164653548813819,0.7941368058034197,-0.3421104893438741
269,-1.122808480157685,0.7203779795467566,1.5449502524562555,0.7804782639289712,-1.2592288793217572,-0.3421104893438741
270,-1.122808480157685,0.0734333641512146,-1.0085456232078611,-0.17164653548813819,-1.2592288793217572,-0.3421104893438741
271,0.08365294968062233,-0.35786304611248015,-1.8597109150959,-0.17164653548813819,0.7941368058034197,-0.3421104893438741
272,1.2901143795189296,-0.35786304611248015,-0.1573803313198222,-0.17164653548813819,-1.2592288793217572,-0.3421104893438741
273,1.2901143795189296,1.367322594942299,-1.0085456232078611,-1.1237713349052476,0.7941368058034197,-0.3421104893438741
274,0.08365294968062233,1.367322594942299,-1.0085456232078611,-0.17164653548813819,-1.2592288793217572,2.9230322692469244
275,1.2901143795189296,1.367322594942299,0.6937849605682166,0.7804782639289712,0.7941368058034197,-0.3421104893438741
276,-1.122808480157685,0.7203779795467566,-0.1573803313198222,-0.17164653548813819,-1.2592288793217572,-0.3421104893438741
277,0.08365294968062233,0.0734333641512146,0.6937849605682166,-0.17164653548813819,0.7941368058034197,-0.3421104893438741
278,-1.122808480157685,-0.35786304611248015,-1.0085456232078611,-1.1237713349052476,-1.2592288793217572,-0.3421104893438741
279,-1.122808480157685,1.7986190052059936,1.5449502524562555,0.7804782639289712,-1.2592288793217572,-0.3421104893438741
280,0.08365294968062233,0.9360261846786041,-0.1573803313198222,-0.17164653548813819,0.7941368058034197,-0.3421104893438741
281,-1.122808480157685,-0.7891594563761749,-1.0085456232078611,-0.17164653548813819,-1.2592288793217572,-0.3421104893438741
282,-1.122808480157685,0.9360261846786041,1.5449502524562555,0.7804782639289712,-1.2592288793217572,-0.3421104893438741
283,0.08365294968062233,0.0734333641512146,-0.1573803313198222,-0.17164653548813819,0.7941368058034197,2.9230322692469244
284,-1.122808480157685,0.0734333641512146,1.5449502524562555,-1.1237713349052476,-1.2592288793217572,-0.3421104893438741
285,-1.122808480157685,-0.35786304611248015,-1.0085456232078611,-0.17164653548813819,-1.2592288793217572,-0.3421104893438741
286,-1.122808480157685,-0.7891594563761749,-1.0085456232078611,0.7804782639289712,-1.2592288793217572,-0.3421104893438741
287,-1.122808480157685,-0.7891594563761749,0.6937849605682166,0.7804782639289712,0.7941368058034197,-0.3421104893438741
288,0.08365294968062233,-0.35786304611248015,0.6937849605682166,-0.17164653548813819,0.7941368058034197,-0.3421104893438741
289,2.496575809357237,-0.35786304611248015,-0.1573803313198222,-1.1237713349052476,0.7941368058034197,-0.3421104893438741
290,0.08365294968062233,-0.7891594563761749,-0.1573803313198222,-0.17164653548813819,0.7941368058034197,-0.3421104893438741
291,0.08365294968062233,0.0734333641512146,1.5449502524562555,0.7804782639289712,-1.2592288793217572,-0.3421104893438741
292,1.2901143795189296,-0.35786304611248015,0.6937849605682166,-0.17164653548813819,0.7941368058034197,-0.3421104893438741
293,1.2901143795189296,0.0734333641512146,-0.1573803313198222,0.7804782639289712,0.7941368058034197,-0.3421104893438741
294,0.08365294968062233,0.0734333641512146,-0.1573803313198222,-1.1237713349052476,-1.2592288793217572,2.9230322692469244
295,0.08365294968062233,0.0734333641512146,-1.8597109150959,-0.17164653548813819,0.7941368058034197,-0.3421104893438741
296,0.08365294968062233,-0.35786304611248015,0.6937849605682166,-1.1237713349052476,-1.2592288793217572,-0.3421104893438741
297,-1.122808480157685,-0.7891594563761749,-1.0085456232078611,-1.1237713349052476,-1.2592288793217572,-0.3421104893438741
298,2.496575809357237,-0.35786304611248015,-1.8597109150959,0.7804782639289712,-1.2592288793217572,-0.3421104893438741
299,0.08365294968062233,0.9360261846786041,-0.1573803313198222,-1.1237713349052476,0.7941368058034197,-0.3421104893438741
300,0.08365294968062233,-0.35786304611248015,-1.0085456232078611,-2.075896134322357,0.7941368058034197,-0.3421104893438741
301,0.08365294968062233,-0.35786304611248015,-1.0085456232078611,-0.17164653548813819,0.7941368058034197,-0.3421104893438741
302,1.2901143795189296,-0.35786304611248015,-1.0085456232078611,-0.17164653548813819,-1.2592288793217572,-0.3421104893438741
303,1.2901143795189296,-0.35786304611248015,-0.1573803313198222,-1.1237713349052476,-1.2592288793217572,-0.3421104893438741
304,1.2901143795189296,-0.7891594563761749,-0.1573803313198222,-0.17164653548813819,0.7941368058034197,-0.3421104893438741
305,-1.122808480157685,0.9360261846786041,0.6937849605682166,0.7804782639289712,-1.2592288793217572,-0.3421104893438741
306,0.08365294968062233,0.5047297744149093,1.5449502524562555,-1.1237713349052476,0.7941368058034197,-0.3421104893438741
307,0.08365294968062233,-0.7891594563761749,0.6937849605682166,0.7804782639289712,-1.2592288793217572,-0.3421104893438741
308,0.08365294968062233,0.9360261846786041,0.6937849605682166,-0.17164653548813819,-1.2592288793217572,-0.3421104893438741
309,0.08365294968062233,0.0734333641512146,1.5449502524562555,0.7804782639289712,0.7941368058034197,-0.3421104893438741
310,0.08365294968062233,1.7986190052059936,1.5449502524562555,-0.17164653548813819,0.7941368058034197,-0.3421104893438741
311,0.08365294968062233,2.661211825733383,1.5449502524562555,-0.17164653548813819,0.7941368058034197,-0.3421104893438741
312,2.496575809357237,1.367322594942299,1.5449502524562555,1.7326030633460807,0.7941368058034197,-0.3421104893438741
313,0.08365294968062233,-0.35786304611248015,-0.1573803313198222,0.7804782639289712,0.7941368058034197,-0.3421104893438741
314,0.08365294968062233,-0.35786304611248015,-1.0085456232078611,1.7326030633460807,0.7941368058034197,-0.3421104893438741
315,0.08365294968062233,0.9360261846786041,1.5449502524562555,-1.1237713349052476,0.7941368058034197,-0.3421104893438741
316,0.08365294968062233,0.5047297744149093,-0.1573803313198222,-0.17164653548813819,0.7941368058034197,-0.3421104893438741
317,0.08365294968062233,0.5047297744149093,0.6937849605682166,0.7804782639289712,0.7941368058034197,2.9230322692469244
318,0.08365294968062233,2.445563620601536,-1.8597109150959,-2.075896134322357,-1.2592288793217572,-0.3421104893438741
319,-1.122808480157685,0.5047297744149093,0.6937849605682166,-1.1237713349052476,-1.2592288793217572,-0.3421104893438741
320,0.08365294968062233,-0.35786304611248015,0.6937849605682166,0.7804782639289712,0.7941368058034197,2.9230322692469244
321,1.2901143795189296,0.9360261846786041,-0.1573803313198222,-1.1237713349052476,0.7941368058034197,-0.3421104893438741
322,0.08365294968062233,-0.7891594563761749,-0.1573803313198222,-0.17164653548813819,0.7941368058034197,2.9230322692469244
323,-1.122808480157685,-0.7891594563761749,-0.1573803313198222,-1.1237713349052476,-1.2592288793217572,-0.3421104893438741
324,-1.122808480157685,1.367322594942299,0.6937849605682166,0.7804782639289712,-1.2592288793217572,-0.3421104893438741
325,-1.122808480157685,3.9551010565244673,0.6937849605682166,1.7326030633460807,-1.2592288793217572,-0.3421104893438741
326,-1.122808480157685,3.092508235997078,0.6937849605682166,0.7804782639289712,-1.2592288793217572,-0.3421104893438741
327,2.496575809357237,-0.35786304611248015,-1.0085456232078611,-1.1237713349052476,0.7941368058034197,-0.3421104893438741
328,0.08365294968062233,-0.7891594563761749,0.6937849605682166,0.7804782639289712,-1.2592288793217572,2.9230322692469244
329,0.08365294968062233,1.7986190052059936,1.5449502524562555,0.7804782639289712,0.7941368058034197,-0.3421104893438741
330,0.08365294968062233,1.367322594942299,-1.8597109150959,-0.17164653548813819,-1.2592288793217572,-0.3421104893438741
331,0.08365294968062233,-0.7891594563761749,-0.1573803313198222,-0.17164653548813819,-1.2592288793217572,-0.3421104893438741
332,1.2901143795189296,-0.7891594563761749,-0.1573803313198222,-0.17164653548813819,0.7941368058034197,-0.3421104893438741
333,1.2901143795189296,-0.7891594563761749,-0.1573803313198222,-0.17164653548813819,0.7941368058034197,-0.3421104893438741
334,1.2901143795189296,-0.7891594563761749,0.6937849605682166,-1.1237713349052476,-1.2592288793217572,-0.3421104893438741
335,0.08365294968062233,-0.7891594563761749,-0.1573803313198222,0.7804782639289712,0.7941368058034197,-0.3421104893438741
336,0.08365294968062233,-0.35786304611248015,-1.0085456232078611,-0.17164653548813819,0.7941368058034197,-0.3421104893438741
337,1.2901143795189296,-0.7891594563761749,-1.0085456232078611,-1.1237713349052476,0.7941368058034197,-0.3421104893438741
338,2.496575809357237,-0.7891594563761749,-1.0085456232078611,-2.075896134322357,0.7941368058034197,-0.3421104893438741
339,1.2901143795189296,-0.7891594563761749,-1.0085456232078611,0.7804782639289712,0.7941368058034197,-0.3421104893438741
340,-1.122808480157685,-0.7891594563761749,-0.1573803313198222,0.7804782639289712,0.7941368058034197,-0.3421104893438741
341,0.08365294968062233,-0.35786304611248015,0.6937849605682166,-0.17164653548813819,0.7941368058034197,-0.3421104893438741
342,0.08365294968062233,-0.7891594563761749,1.5449502524562555,0.7804782639289712,0.7941368058034197,-0.3421104893438741
343,2.496575809357237,-0.7891594563761749,-0.1573803313198222,-0.17164653548813819,0.7941368058034197,-0.3421104893438741
344,-1.122808480157685,-0.7891594563761749,-1.0085456232078611,0.7804782639289712,0.7941368058034197,-0.3421104893438741
345,0.08365294968062233,-0.7891594563761749,0.6937849605682166,-1.1237713349052476,0.7941368058034197,-0.3421104893438741
346,-1.122808480157685,-0.7891594563761749,-1.8597109150959,-2.075896134322357,-1.2592288793217572,-0.3421104893438741
347,1.2901143795189296,-0.7891594563761749,0.6937849605682166,-0.17164653548813819,0.7941368058034197,-0.3421104893438741
348,1.2901143795189296,-0.7891594563761749,-0.1573803313198222,-0.17164653548813819,0.7941368058034197,-0.3421104893438741
349,2.496575809357237,-0.7891594563761749,-1.0085456232078611,-1.1237713349052476,0.7941368058034197,-0.3421104893438741
350,1.2901143795189296,-0.7891594563761749,-1.8597109150959,-0.17164653548813819,-1.2592288793217572,-0.3421104893438741
351,-1.122808480157685,-0.7891594563761749,-0.1573803313198222,1.7326030633460807,-1.2592288793217572,-0.3421104893438741
352,0.08365294968062233,-0.7891594563761749,-0.1573803313198222,1.7326030633460807,-1.2592288793217572,-0.3421104893438741
353,0.08365294968062233,-0.35786304611248015,0.6937849605682166,0.7804782639289712,0.7941368058034197,2.9230322692469244
354,0.08365294968062233,-0.35786304611248015,-0.1573803313198222,-0.17164653548813819,0.7941368058034197,-0.3421104893438741
355,0.08365294968062233,-0.35786304611248015,-1.8597109150959,-1.1237713349052476,-1.2592288793217572,-0.3421104893438741
356,-1.122808480157685,-0.35786304611248015,0.6937849605682166,0.7804782639289712,-1.2592288793217572,-0.3421104893438741
357,1.2901143795189296,-0.35786304611248015,0.6937849605682166,-0.17164653548813819,0.7941368058034197,-0.3421104893438741
358,-1.122808480157685,0.9360261846786041,0.6937849605682166,-1.1237713349052476,0.7941368058034197,-0.3421104893438741
359,1.2901143795189296,-0.35786304611248015,0.6937849605682166,-0.17164653548813819,0.7941368058034197,-0.3421104893438741
360,0.08365294968062233,0.9360261846786041,0.6937849605682166,-2.075896134322357,0.7941368058034197,-0.3421104893438741
361,0.08365294968062233,1.1516743898104516,0.6937849605682166,0.7804782639289712,0.7941368058034197,-0.3421104893438741
362,0.08365294968062233,-0.7891594563761749,0.6937849605682166,0.7804782639289712,0.7941368058034197,-0.3421104893438741
363,-1.122808480157685,0.0734333641512146,0.6937849605682166,0.7804782639289712,0.7941368058034197,-0.3421104893438741
364,-1.122808480157685,-0.35786304611248015,0.6937849605682166,-0.17164653548813819,-1.2592288793217572,-0.3421104893438741
365,0.08365294968062233,2.2299154154696885,-1.0085456232078611,-1.1237713349052476,0.7941368058034197,-0.3421104893438741
366,0.08365294968062233,-0.7891594563761749,-0.1573803313198222,-0.17164653548813819,0.7941368058034197,2.9230322692469244
367,0.08365294968062233,-0.35786304611248015,-0.1573803313198222,-1.1237713349052476,-1.2592288793217572,-0.3421104893438741
368,-1.122808480157685,-0.35786304611248015,1.5449502524562555,-1.1237713349052476,0.7941368058034197,-0.3421104893438741
369,1.2901143795189296,1.7986190052059936,1.5449502524562555,1.7326030633460807,-1.2592288793217572,-0.3421104893438741
370,0.08365294968062233,-0.35786304611248015,0.6937849605682166,-0.17164653548813819,0.7941368058034197,-0.3421104893438741
371,-1.122808480157685,-0.35786304611248015,1.5449502524562555,-0.17164653548813819,0.7941368058034197,-0.3421104893438741
372,0.08365294968062233,0.0734333641512146,-1.0085456232078611,-1.1237713349052476,0.7941368058034197,-0.3421104893438741
373,1.2901143795189296,-0.7891594563761749,-1.0085456232078611,-0.17164653548813819,0.7941368058034197,-0.3421104893438741
374,1.2901143795189296,-0.7891594563761749,-0.1573803313198222,0.7804782639289712,0.7941368058034197,-0.3421104893438741
375,1.2901143795189296,-0.7891594563761749,-0.1573803313198222,-0.17164653548813819,-1.2592288793217572,-0.3421104893438741
376,1.2901143795189296,-0.7891594563761749,1.5449502524562555,1.7326030633460807,-1.2592288793217572,-0.3421104893438741
377,1.2901143795189296,-0.7891594563761749,-0.1573803313198222,-0.17164653548813819,-1.2592288793217572,-0.3421104893438741
378,-1.122808480157685,-0.7891594563761749,1.5449502524562555,-0.17164653548813819,-1.2592288793217572,-0.3421104893438741
379,-1.122808480157685,-0.35786304611248015,1.5449502524562555,0.7804782639289712,0.7941368058034197,-0.3421104893438741
380,1.2901143795189296,-0.7891594563761749,0.6937849605682166,0.7804782639289712,0.7941368058034197,-0.3421104893438741
381,1.2901143795189296,0.0734333641512146,-0.1573803313198222,-0.17164653548813819,0.7941368058034197,-0.3421104893438741
382,-1.122808480157685,-0.35786304611248015,1.5449502524562555,-1.1237713349052476,0.7941368058034197,-0.3421104893438741
383,2.496575809357237,-0.7891594563761749,1.5449502524562555,1.7326030633460807,0.7941368058034197,-0.3421104893438741
384,-1.122808480157685,-0.7891594563761749,0.6937849605682166,-0.17164653548813819,0.7941368058034197,-0.3421104893438741
385,0.08365294968062233,-0.35786304611248015,1.5449502524562555,-1.1237713349052476,-1.2592288793217572,-0.3421104893438741
386,1.2901143795189296,-0.7891594563761749,-0.1573803313198222,0.7804782639289712,0.7941368058034197,-0.3421104893438741
387,-1.122808480157685,0.5047297744149093,-1.0085456232078611,0.7804782639289712,-1.2592288793217572,-0.3421104893438741
388,0.08365294968062233,0.9360261846786041,0.6937849605682166,-0.17164653548813819,-1.2592288793217572,-0.3421104893438741
389,0.08365294968062233,-0.7891594563761749,-0.1573803313198222,-0.17164653548813819,-1.2592288793217572,-0.3421104893438741
390,2.496575809357237,0.5047297744149093,0.6937849605682166,0.7804782639289712,-1.2592288793217572,-0.3421104893438741
391,1.2901143795189296,0.9360261846786041,1.5449502524562555,0.7804782639289712,-1.2592288793217572,-0.3421104893438741
392,0.08365294968062233,-0.7891594563761749,-1.0085456232078611,-0.17164653548813819,0.7941368058034197,-0.3421104893438741
393,2.496575809357237,0.0734333641512146,-0.1573803313198222,-0.17164653548813819,0.7941368058034197,-0.3421104893438741
394,0.08365294968062233,-0.7891594563761749,-0.1573803313198222,-0.17164653548813819,0.7941368058034197,-0.3421104893438741
395,0.08365294968062233,-0.7891594563761749,-0.1573803313198222,-0.17164653548813819,0.7941368058034197,-0.3421104893438741
396,0.08365294968062233,0.5047297744149093,-0.1573803313198222,-0.17164653548813819,-1.2592288793217572,-0.3421104893438741
397,0.08365294968062233,3.092508235997078,-1.8597109150959,-0.17164653548813819,0.7941368058034197,-0.3421104893438741
398,1.2901143795189296,-0.7891594563761749,-0.1573803313198222,-0.17164653548813819,0.7941368058034197,-0.3421104893438741
399,1.2901143795189296,0.0734333641512146,-0.1573803313198222,0.7804782639289712,-1.2592288793217572,-0.3421104893438741
400,1.2901143795189296,0.0734333641512146,-1.0085456232078611,-0.17164653548813819,-1.2592288793217572,-0.3421104893438741
401,1.2901143795189296,-0.7891594563761749,1.5449502524562555,0.7804782639289712,0.7941368058034197,-0.3421104893438741
402,1.2901143795189296,-0.7891594563761749,-0.1573803313198222,0.7804782639289712,0.7941368058034197,-0.3421104893438741
403,0.08365294968062233,1.367322594942299,0.6937849605682166,-0.17164653548813819,0.7941368058034197,-0.3421104893438741
404,0.08365294968062233,0.0734333641512146,1.5449502524562555,-0.17164653548813819,0.7941368058034197,-0.3421104893438741
405,-1.122808480157685,2.661211825733383,-0.1573803313198222,-1.1237713349052476,-1.2592288793217572,-0.3421104893438741
406,-1.122808480157685,0.5047297744149093,-1.0085456232078611,-2.075896134322357,0.7941368058034197,-0.3421104893438741
407,1.2901143795189296,-0.7891594563761749,-1.0085456232078611,-0.17164653548813819,-1.2592288793217572,-0.3421104893438741
408,0.08365294968062233,1.5829708000741463,0.6937849605682166,0.7804782639289712,0.7941368058034197,-0.3421104893438741
409,0.08365294968062233,1.1516743898104516,1.5449502524562555,-0.17164653548813819,-1.2592288793217572,-0.3421104893438741
410,0.08365294968062233,-0.7891594563761749,0.6937849605682166,-0.17164653548813819,0.7941368058034197,-0.3421104893438741
411,1.2901143795189296,-0.35786304611248015,-1.0085456232078611,0.7804782639289712,0.7941368058034197,-0.3421104893438741
412,0.08365294968062233,-0.7891594563761749,-1.0085456232078611,-1.1237713349052476,0.7941368058034197,-0.3421104893438741
413,0.08365294968062233,3.73945285139262,-0.1573803313198222,-0.17164653548813819,0.7941368058034197,-0.3421104893438741
414,1.2901143795189296,0.9360261846786041,-1.0085456232078611,-1.1237713349052476,-1.2592288793217572,-0.3421104893438741
415,-1.122808480157685,0.28908156928306195,1.5449502524562555,-1.1237713349052476,0.7941368058034197,-0.3421104893438741
416,0.08365294968062233,1.367322594942299,0.6937849605682166,0.7804782639289712,0.7941368058034197,-0.3421104893438741
417,1.2901143795189296,0.28908156928306195,0.6937849605682166,-0.17164653548813819,0.7941368058034197,-0.3421104893438741
418,-1.122808480157685,2.014267210337841,-0.1573803313198222,-2.075896134322357,-1.2592288793217572,-0.3421104893438741
419,-1.122808480157685,1.367322594942299,0.6937849605682166,-0.17164653548813819,-1.2592288793217572,-0.3421104893438741
420,0.08365294968062233,1.367322594942299,0.6937849605682166,-2.075896134322357,0.7941368058034197,-0.3421104893438741
421,-1.122808480157685,0.28908156928306195,-1.8597109150959,-0.17164653548813819,-1.2592288793217572,2.9230322692469244
422,0.08365294968062233,0.0734333641512146,-1.0085456232078611,-2.075896134322357,0.7941368058034197,-0.3421104893438741
423,-1.122808480157685,1.5829708000741463,-0.1573803313198222,-0.17164653548813819,0.7941368058034197,-0.3421104893438741
424,0.08365294968062233,-0.7891594563761749,0.6937849605682166,0.7804782639289712,0.7941368058034197,-0.3421104893438741
425,-1.122808480157685,0.5047297744149093,-0.1573803313198222,-2.075896134322357,0.7941368058034197,-0.3421104893438741
426,-1.122808480157685,0.0734333641512146,0.6937849605682166,0.7804782639289712,0.7941368058034197,-0.3421104893438741
427,0.08365294968062233,-0.7891594563761749,-1.0085456232078611,1.7326030633460807,-1.2592288793217572,-0.3421104893438741
428,-1.122808480157685,-0.7891594563761749,0.6937849605682166,-0.17164653548813819,-1.2592288793217572,-0.3421104893438741
429,0.08365294968062233,0.28908156928306195,-1.0085456232078611,-0.17164653548813819,0.7941368058034197,-0.3421104893438741
430,1.2901143795189296,-0.7891594563761749,-0.1573803313198222,0.7804782639289712,-1.2592288793217572,2.9230322692469244
431,0.08365294968062233,-0.7891594563761749,0.6937849605682166,1.7326030633460807,-1.2592288793217572,-0.3421104893438741
432,-1.122808480157685,-0.7891594563761749,0.6937849605682166,0.7804782639289712,0.7941368058034197,-0.3421104893438741
433,-1.122808480157685,-0.7891594563761749,-1.8597109150959,1.7326030633460807,-1.2592288793217572,-0.3421104893438741
434,2.496575809357237,0.0734333641512146,-1.8597109150959,-1.1237713349052476,-1.2592288793217572,-0.3421104893438741
435,0.08365294968062233,-0.7891594563761749,-0.1573803313198222,0.7804782639289712,0.7941368058034197,-0.3421104893438741
436,-1.122808480157685,0.0734333641512146,-0.1573803313198222,0.7804782639289712,0.7941368058034197,-0.3421104893438741
437,-1.122808480157685,-0.7891594563761749,-0.1573803313198222,-1.1237713349052476,0.7941368058034197,-0.3421104893438741
438,-1.122808480157685,-0.35786304611248015,1.5449502524562555,1.7326030633460807,0.7941368058034197,-0.3421104893438741
439,-1.122808480157685,-0.7891594563761749,-0.1573803313198222,-2.075896134322357,-1.2592288793217572,-0.3421104893438741
440,0.08365294968062233,-0.7891594563761749,1.5449502524562555,0.7804782639289712,0.7941368058034197,-0.3421104893438741
441,0.08365294968062233,0.0734333641512146,-0.1573803313198222,0.7804782639289712,-1.2592288793217572,-0.3421104893438741
442,0.08365294968062233,-0.7891594563761749,0.6937849605682166,-0.17164653548813819,0.7941368058034197,-0.3421104893438741
443,0.08365294968062233,0.7203779795467566,0.6937849605682166,-0.17164653548813819,0.7941368058034197,-0.3421104893438741
444,0.08365294968062233,0.0734333641512146,1.5449502524562555,0.7804782639289712,-1.2592288793217572,-0.3421104893438741
445,0.08365294968062233,0.9360261846786041,1.5449502524562555,0.7804782639289712,0.7941368058034197,-0.3421104893438741
446,0.08365294968062233,-0.7891594563761749,-0.1573803313198222,-0.17164653548813819,0.7941368058034197,-0.3421104893438741
447,-1.122808480157685,0.9360261846786041,1.5449502524562555,1.7326030633460807,-1.2592288793217572,-0.3421104893438741
448,1.2901143795189296,0.5047297744149093,-1.0085456232078611,-1.1237713349052476,-1.2592288793217572,-0.3421104893438741
449,-1.122808480157685,-0.14221484098063278,-1.0085456232078611,-2.075896134322357,-1.2592288793217572,-0.3421104893438741
450,0.08365294968062233,-0.35786304611248015,0.6937849605682166,1.7326030633460807,0.7941368058034197,-0.3421104893438741
451,0.08365294968062233,-0.7891594563761749,-0.1573803313198222,-0.17164653548813819,-1.2592288793217572,-0.3421104893438741
452,0.08365294968062233,0.0734333641512146,1.5449502524562555,0.7804782639289712,0.7941368058034197,-0.3421104893438741
453,1.2901143795189296,-0.7891594563761749,-1.0085456232078611,-0.17164653548813819,0.7941368058034197,-0.3421104893438741
454,1.2901143795189296,-0.14221484098063278,-1.0085456232078611,-0.17164653548813819,0.7941368058034197,-0.3421104893438741
455,0.08365294968062233,-0.7891594563761749,-1.0085456232078611,0.7804782639289712,0.7941368058034197,2.9230322692469244
456,0.08365294968062233,-0.7891594563761749,-0.1573803313198222,0.7804782639289712,0.7941368058034197,-0.3421104893438741
457,-1.122808480157685,0.0734333641512146,1.5449502524562555,1.7326030633460807,0.7941368058034197,-0.3421104893438741
458,2.496575809357237,-0.7891594563761749,-1.0085456232078611,-0.17164653548813819,0.7941368058034197,-0.3421104893438741
459,1.2901143795189296,-0.35786304611248015,-0.1573803313198222,0.7804782639289712,0.7941368058034197,2.9230322692469244
460,0.08365294968062233,-0.5735112512443276,-0.1573803313198222,-0.17164653548813819,0.7941368058034197,-0.3421104893438741
461,-1.122808480157685,-0.7891594563761749,-1.0085456232078611,-1.1237713349052476,-1.2592288793217572,-0.3421104893438741
462,0.08365294968062233,-0.7891594563761749,-1.8597109150959,-1.1237713349052476,0.7941368058034197,-0.3421104893438741
463,1.2901143795189296,-0.35786304611248015,-0.1573803313198222,0.7804782639289712,0.7941368058034197,2.9230322692469244
464,-1.122808480157685,0.5047297744149093,0.6937849605682166,0.7804782639289712,-1.2592288793217572,-0.3421104893438741
465,0.08365294968062233,1.1516743898104516,0.6937849605682166,0.7804782639289712,0.7941368058034197,-0.3421104893438741
466,-1.122808480157685,-0.7891594563761749,-0.1573803313198222,-1.1237713349052476,0.7941368058034197,-0.3421104893438741
467,0.08365294968062233,-0.5735112512443276,0.6937849605682166,-0.17164653548813819,0.7941368058034197,-0.3421104893438741
468,-1.122808480157685,-0.5735112512443276,-0.1573803313198222,-0.17164653548813819,-1.2592288793217572,-0.3421104893438741
469,0.08365294968062233,-0.7891594563761749,-1.8597109150959,-0.17164653548813819,0.7941368058034197,-0.3421104893438741
470,0.08365294968062233,0.0734333641512146,0.6937849605682166,1.7326030633460807,0.7941368058034197,-0.3421104893438741
471,0.08365294968062233,-0.35786304611248015,0.6937849605682166,0.7804782639289712,0.7941368058034197,-0.3421104893438741
472,-1.122808480157685,-0.7891594563761749,-1.0085456232078611,-0.17164653548813819,0.7941368058034197,-0.3421104893438741
473,-1.122808480157685,0.0734333641512146,-0.1573803313198222,0.7804782639289712,0.7941368058034197,-0.3421104893438741
474,-1.122808480157685,-0.35786304611248015,0.6937849605682166,-1.1237713349052476,0.7941368058034197,-0.3421104893438741
475,1.2901143795189296,-0.7891594563761749,-1.0085456232078611,-0.17164653548813819,0.7941368058034197,-0.3421104893438741
476,-1.122808480157685,-0.35786304611248015,-0.1573803313198222,0.7804782639289712,0.7941368058034197,-0.3421104893438741
477,-1.122808480157685,1.5829708000741463,-0.1573803313198222,-0.17164653548813819,0.7941368058034197,-0.3421104893438741
478,0.08365294968062233,-0.7891594563761749,-0.1573803313198222,0.7804782639289712,0.7941368058034197,2.9230322692469244
479,-1.122808480157685,0.0734333641512146,-0.1573803313198222,1.7326030633460807,0.7941368058034197,-0.3421104893438741
480,-1.122808480157685,-0.7891594563761749,0.6937849605682166,0.7804782639289712,-1.2592288793217572,-0.3421104893438741
481,-1.122808480157685,-0.35786304611248015,-0.1573803313198222,1.7326030633460807,0.7941368058034197,-0.3421104893438741
482,-1.122808480157685,-0.7891594563761749,-1.8597109150959,-1.1237713349052476,0.7941368058034197,-0.3421104893438741
483,0.08365294968062233,-0.5735112512443276,1.5449502524562555,0.7804782639289712,0.7941368058034197,-0.3421104893438741
484,-1.122808480157685,0.5047297744149093,0.6937849605682166,-0.17164653548813819,0.7941368058034197,-0.3421104893438741
485,0.08365294968062233,-0.7891594563761749,1.5449502524562555,-0.17164653548813819,0.7941368058034197,-0.3421104893438741
486,-1.122808480157685,-0.5735112512443276,-0.1573803313198222,0.7804782639289712,0.7941368058034197,-0.3421104893438741
487,1.2901143795189296,0.5047297744149093,-1.0085456232078611,-0.17164653548813819,0.7941368058034197,-0.3421104893438741
488,1.2901143795189296,0.5047297744149093,-1.8597109150959,-0.17164653548813819,-1.2592288793217572,-0.3421104893438741
489,-1.122808480157685,-0.7891594563761749,-0.1573803313198222,0.7804782639289712,-1.2592288793217572,-0.3421104893438741
490,-1.122808480157685,0.0734333641512146,-0.1573803313198222,-1.1237713349052476,-1.2592288793217572,-0.3421104893438741
491,0.08365294968062233,1.7986190052059936,0.6937849605682166,-2.075896134322357,0.7941368058034197,-0.3421104893438741
492,0.08365294968062233,-0.35786304611248015,-1.0085456232078611,-0.17164653548813819,-1.2592288793217572,-0.3421104893438741
493,-1.122808480157685,0.28908156928306195,0.6937849605682166,0.7804782639289712,-1.2592288793217572,-0.3421104893438741
494,0.08365294968062233,-0.7891594563761749,1.5449502524562555,0.7804782639289712,-1.2592288793217572,-0.3421104893438741
495,-1.122808480157685,-0.7891594563761749,0.6937849605682166,1.7326030633460807,-1.2592288793217572,-0.3421104893438741
496,-1.122808480157685,-0.35786304611248015,0.6937849605682166,0.7804782639289712,0.7941368058034197,-0.3421104893438741
497,2.496575809357237,-0.7891594563761749,1.5449502524562555,0.7804782639289712,0.7941368058034197,-0.3421104893438741
498,0.08365294968062233,-0.7891594563761749,-0.1573803313198222,-0.17164653548813819,0.7941368058034197,-0.3421104893438741
499,-1.122808480157685,-0.7891594563761749,1.5449502524562555,-1.1237713349052476,0.7941368058034197,-0.3421104893438741
500,-1.122808480157685,1.7986190052059936,1.5449502524562555,-0.17164653548813819,0.7941368058034197,-0.3421104893438741
501,-1.122808480157685,0.9360261846786041,1.5449502524562555,-1.1237713349052476,-1.2592288793217572,-0.3421104893438741
502,2.496575809357237,-0.35786304611248015,1.5449502524562555,-0.17164653548813819,0.7941368058034197,-0.3421104893438741
503,2.496575809357237,-0.7891594563761749,-1.8597109150959,-1.1237713349052476,0.7941368058034197,2.9230322692469244
504,1.2901143795189296,-0.7891594563761749,1.5449502524562555,0.7804782639289712,-1.2592288793217572,-0.3421104893438741
505,-1.122808480157685,-0.7891594563761749,1.5449502524562555,0.7804782639289712,0.7941368058034197,-0.3421104893438741
506,0.08365294968062233,0.9360261846786041,0.6937849605682166,-0.17164653548813819,-1.2592288793217572,-0.3421104893438741
507,1.2901143795189296,-0.7891594563761749,-0.1573803313198222,-0.17164653548813819,0.7941368058034197,-0.3421104893438741
508,-1.122808480157685,-0.7891594563761749,1.5449502524562555,0.7804782639289712,0.7941368058034197,-0.3421104893438741
509,0.08365294968062233,-0.7891594563761749,-1.0085456232078611,-0.17164653548813819,0.7941368058034197,-0.3421104893438741
510,0.08365294968062233,-0.7891594563761749,-1.0085456232078611,-0.17164653548813819,0.7941368058034197,-0.3421104893438741
511,0.08365294968062233,-0.5735112512443276,1.5449502524562555,0.7804782639289712,-1.2592288793217572,-0.3421104893438741
512,0.08365294968062233,1.1516743898104516,-1.0085456232078611,-0.17164653548813819,0.7941368058034197,-0.3421104893438741
513,-1.122808480157685,-0.7891594563761749,-0.1573803313198222,-2.075896134322357,-1.2592288793217572,-0.3421104893438741
514,-1.122808480157685,-0.35786304611248015,-0.1573803313198222,-2.075896134322357,-1.2592288793217572,-0.3421104893438741
515,0.08365294968062233,0.9360261846786041,1.5449502524562555,-0.17164653548813819,-1.2592288793217572,2.9230322692469244
516,0.08365294968062233,-0.7891594563761749,-0.1573803313198222,-0.17164653548813819,-1.2592288793217572,-0.3421104893438741
517,-1.122808480157685,-0.7891594563761749,1.5449502524562555,0.7804782639289712,-1.2592288793217572,-0.3421104893438741
518,0.08365294968062233,0.9360261846786041,-1.0085456232078611,-0.17164653548813819,0.7941368058034197,-0.3421104893438741
519,0.08365294968062233,-0.7891594563761749,-1.8597109150959,-1.1237713349052476,-1.2592288793217572,-0.3421104893438741
520,0.08365294968062233,0.5047297744149093,-1.0085456232078611,-0.17164653548813819,0.7941368058034197,-0.3421104893438741
521,0.08365294968062233,-0.7891594563761749,-0.1573803313198222,-0.17164653548813819,0.7941368058034197,-0.3421104893438741
522,0.08365294968062233,0.0734333641512146,0.6937849605682166,-0.17164653548813819,0.7941368058034197,-0.3421104893438741
523,2.496575809357237,-0.35786304611248015,1.5449502524562555,1.7326030633460807,0.7941368058034197,-0.3421104893438741
524,0.08365294968062233,-0.35786304611248015,-1.8597109150959,-1.1237713349052476,0.7941368058034197,-0.3421104893438741
525,1.2901143795189296,-0.7891594563761749,-0.1573803313198222,0.7804782639289712,0.7941368058034197,-0.3421104893438741
526,-1.122808480157685,-0.5735112512443276,-0.1573803313198222,-1.1237713349052476,-1.2592288793217572,-0.3421104893438741
527,1.2901143795189296,-0.7891594563761749,-0.1573803313198222,-2.075896134322357,-1.2592288793217572,-0.3421104893438741
528,-1.122808480157685,0.28908156928306195,-0.1573803313198222,-2.075896134322357,0.7941368058034197,-0.3421104893438741
529,-1.122808480157685,-0.5735112512443276,-0.1573803313198222,-2.075896134322357,0.7941368058034197,-0.3421104893438741
530,-1.122808480157685,0.9360261846786041,0.6937849605682166,-2.075896134322357,0.7941368058034197,-0.3421104893438741
531,0.08365294968062233,-0.7891594563761749,-0.1573803313198222,-2.075896134322357,-1.2592288793217572,-0.3421104893438741
532,0.08365294968062233,-0.35786304611248015,-1.0085456232078611,-1.1237713349052476,-1.2592288793217572,-0.3421104893438741
533,0.08365294968062233,-0.7891594563761749,-1.0085456232078611,-1.1237713349052476,-1.2592288793217572,-0.3421104893438741
534,-1.122808480157685,-0.7891594563761749,-1.0085456232078611,-2.075896134322357,0.7941368058034197,-0.3421104893438741
535,0.08365294968062233,1.5829708000741463,1.5449502524562555,1.7326030633460807,0.7941368058034197,-0.3421104893438741
536,2.496575809357237,0.9360261846786041,1.5449502524562555,0.7804782639289712,0.7941368058034197,-0.3421104893438741
537,-1.122808480157685,1.5829708000741463,-0.1573803313198222,-0.17164653548813819,-1.2592288793217572,-0.3421104893438741
538,1.2901143795189296,-0.35786304611248015,-0.1573803313198222,-0.17164653548813819,0.7941368058034197,-0.3421104893438741
539,0.08365294968062233,0.9360261846786041,0.6937849605682166,-1.1237713349052476,0.7941368058034197,-0.3421104893438741
540,-1.122808480157685,0.28908156928306195,-0.1573803313198222,-0.17164653548813819,-1.2592288793217572,-0.3421104893438741
541,0.08365294968062233,-0.7891594563761749,-0.1573803313198222,-2.075896134322357,-1.2592288793217572,2.9230322692469244
542,1.2901143795189296,-0.5735112512443276,1.5449502524562555,-0.17164653548813819,0.7941368058034197,-0.3421104893438741
543,-1.122808480157685,-0.35786304611248015,-0.1573803313198222,-0.17164653548813819,-1.2592288793217572,-0.3421104893438741
544,-1.122808480157685,-0.35786304611248015,-1.0085456232078611,-2.075896134322357,-1.2592288793217572,-0.3421104893438741
545,0.08365294968062233,0.9360261846786041,0.6937849605682166,0.7804782639289712,0.7941368058034197,-0.3421104893438741
546,0.08365294968062233,-0.7891594563761749,1.5449502524562555,-1.1237713349052476,0.7941368058034197,-0.3421104893438741
547,-1.122808480157685,-0.7891594563761749,-1.0085456232078611,-2.075896134322357,-1.2592288793217572,-0.3421104893438741
548,0.08365294968062233,-0.35786304611248015,1.5449502524562555,1.7326030633460807,-1.2592288793217572,-0.3421104893438741
549,0.08365294968062233,-0.7891594563761749,-0.1573803313198222,-0.17164653548813819,0.7941368058034197,2.9230322692469244
550,0.08365294968062233,-0.7891594563761749,-1.0085456232078611,-2.075896134322357,0.7941368058034197,-0.3421104893438741
551,0.08365294968062233,-0.7891594563761749,-1.0085456232078611,-2.075896134322357,0.7941368058034197,-0.3421104893438741
552,0.08365294968062233,-0.35786304611248015,-0.1573803313198222,0.7804782639289712,0.7941368058034197,-0.3421104893438741
553,-1.122808480157685,0.0734333641512146,-1.0085456232078611,-2.075896134322357,-1.2592288793217572,-0.3421104893438741
554,-1.122808480157685,-0.14221484098063278,1.5449502524562555,1.7326030633460807,0.7941368058034197,-0.3421104893438741
555,1.2901143795189296,0.28908156928306195,0.6937849605682166,-0.17164653548813819,0.7941368058034197,2.9230322692469244
556,-1.122808480157685,0.0734333641512146,0.6937849605682166,0.7804782639289712,-1.2592288793217572,-0.3421104893438741
557,0.08365294968062233,-0.35786304611248015,0.6937849605682166,0.7804782639289712,0.7941368058034197,-0.3421104893438741
558,-1.122808480157685,-0.7891594563761749,1.5449502524562555,1.7326030633460807,-1.2592288793217572,-0.3421104893438741
559,-1.122808480157685,-0.7891594563761749,-1.0085456232078611,-0.17164653548813819,0.7941368058034197,2.9230322692469244
560,-1.122808480157685,-0.7891594563761749,1.5449502524562555,1.7326030633460807,0.7941368058034197,-0.3421104893438741
561,0.08365294968062233,0.5047297744149093,-0.1573803313198222,-0.17164653548813819,0.7941368058034197,-0.3421104893438741
562,0.08365294968062233,-0.7891594563761749,-0.1573803313198222,0.7804782639289712,-1.2592288793217572,-0.3421104893438741
563,-1.122808480157685,-0.7891594563761749,-1.8597109150959,-1.1237713349052476,-1.2592288793217572,-0.3421104893438741
564,-1.122808480157685,-0.35786304611248015,1.5449502524562555,1.7326030633460807,-1.2592288793217572,-0.3421104893438741
565,-1.122808480157685,-0.7891594563761749,1.5449502524562555,1.7326030633460807,-1.2592288793217572,-0.3421104893438741
566,-1.122808480157685,-0.35786304611248015,-0.1573803313198222,-0.17164653548813819,0.7941368058034197,-0.3421104893438741
567,-1.122808480157685,-0.7891594563761749,-1.8597109150959,-0.17164653548813819,-1.2592288793217572,-0.3421104893438741
568,-1.122808480157685,0.0734333641512146,-1.8597109150959,-1.1237713349052476,-1.2592288793217572,-0.3421104893438741
569,0.08365294968062233,1.1516743898104516,1.5449502524562555,0.7804782639289712,0.7941368058034197,-0.3421104893438741
570,-1.122808480157685,0.5047297744149093,-0.1573803313198222,0.7804782639289712,0.7941368058034197,-0.3421104893438741
571,-1.122808480157685,0.0734333641512146,-0.1573803313198222,0.7804782639289712,-1.2592288793217572,-0.3421104893438741
572,0.08365294968062233,0.9360261846786041,1.5449502524562555,1.7326030633460807,0.7941368058034197,-0.3421104893438741
573,-1.122808480157685,1.1516743898104516,-1.0085456232078611,-0.17164653548813819,0.7941368058034197,-0.3421104893438741
574,-1.122808480157685,1.7986190052059936,-0.1573803313198222,0.7804782639289712,0.7941368058034197,-0.3421104893438741
575,-1.122808480157685,0.9360261846786041,0.6937849605682166,0.7804782639289712,0.7941368058034197,-0.3421104893438741
576,-1.122808480157685,0.9360261846786041,1.5449502524562555,1.7326030633460807,0.7941368058034197,-0.3421104893438741
577,0.08365294968062233,0.9360261846786041,0.6937849605682166,0.7804782639289712,-1.2592288793217572,-0.3421104893438741
578,0.08365294968062233,0.0734333641512146,0.6937849605682166,1.7326030633460807,0.7941368058034197,-0.3421104893438741
579,-1.122808480157685,-0.7891594563761749,-0.1573803313198222,-0.17164653548813819,-1.2592288793217572,-0.3421104893438741
580,-1.122808480157685,0.0734333641512146,0.6937849605682166,0.7804782639289712,0.7941368058034197,-0.3421104893438741
581,0.08365294968062233,-0.35786304611248015,-0.1573803313198222,-0.17164653548813819,0.7941368058034197,-0.3421104893438741
582,-1.122808480157685,-0.7891594563761749,0.6937849605682166,0.7804782639289712,0.7941368058034197,-0.3421104893438741
583,-1.122808480157685,-0.7891594563761749,1.5449502524562555,1.7326030633460807,-1.2592288793217572,-0.3421104893438741
584,-1.122808480157685,-0.7891594563761749,-0.1573803313198222,0.7804782639289712,0.7941368058034197,-0.3421104893438741
585,1.2901143795189296,0.28908156928306195,-0.1573803313198222,-1.1237713349052476,0.7941368058034197,-0.3421104893438741
586,0.08365294968062233,-0.7891594563761749,1.5449502524562555,1.7326030633460807,0.7941368058034197,2.9230322692469244
587,0.08365294968062233,-0.14221484098063278,-0.1573803313198222,-0.17164653548813819,0.7941368058034197,-0.3421104893438741
588,-1.122808480157685,-0.7891594563761749,-1.0085456232078611,-1.1237713349052476,0.7941368058034197,-0.3421104893438741
589,-1.122808480157685,-0.7891594563761749,-1.8597109150959,1.7326030633460807,-1.2592288793217572,-0.3421104893438741
590,0.08365294968062233,-0.14221484098063278,0.6937849605682166,0.7804782639289712,-1.2592288793217572,-0.3421104893438741
591,0.08365294968062233,-0.35786304611248015,1.5449502524562555,-0.17164653548813819,-1.2592288793217572,-0.3421104893438741
592,-1.122808480157685,-0.7891594563761749,-0.1573803313198222,0.7804782639289712,0.7941368058034197,-0.3421104893438741
593,0.08365294968062233,-0.7891594563761749,-0.1573803313198222,0.7804782639289712,-1.2592288793217572,-0.3421104893438741
594,0.08365294968062233,-0.7891594563761749,1.5449502524562555,-0.17164653548813819,-1.2592288793217572,-0.3421104893438741
595,-1.122808480157685,-0.14221484098063278,1.5449502524562555,0.7804782639289712,0.7941368058034197,-0.3421104893438741
596,0.08365294968062233,-0.7891594563761749,-0.1573803313198222,-0.17164653548813819,0.7941368058034197,-0.3421104893438741
597,0.08365294968062233,-0.7891594563761749,-0.1573803313198222,-0.17164653548813819,-1.2592288793217572,-0.3421104893438741
598,-1.122808480157685,0.9360261846786041,0.6937849605682166,-2.075896134322357,0.7941368058034197,-0.3421104893438741
599,-1.122808480157685,0.28908156928306195,1.5449502524562555,1.7326030633460807,0.7941368058034197,-0.3421104893438741
600,-1.122808480157685,0.0734333641512146,-0.1573803313198222,-1.1237713349052476,-1.2592288793217572,-0.3421104893438741
601,0.08365294968062233,0.0734333641512146,-1.8597109150959,-0.17164653548813819,0.7941368058034197,-0.3421104893438741
602,1.2901143795189296,-0.7891594563761749,1.5449502524562555,0.7804782639289712,-1.2592288793217572,-0.3421104893438741
603,0.08365294968062233,-0.7891594563761749,-1.8597109150959,-0.17164653548813819,-1.2592288793217572,-0.3421104893438741
604,0.08365294968062233,-0.35786304611248015,-1.0085456232078611,0.7804782639289712,-1.2592288793217572,-0.3421104893438741
605,-1.122808480157685,-0.7891594563761749,1.5449502524562555,1.7326030633460807,-1.2592288793217572,-0.3421104893438741
606,2.496575809357237,-0.7891594563761749,-0.1573803313198222,-1.1237713349052476,-1.2592288793217572,-0.3421104893438741
607,0.08365294968062233,0.28908156928306195,-0.1573803313198222,-0.17164653548813819,-1.2592288793217572,-0.3421104893438741
608,0.08365294968062233,-0.35786304611248015,-0.1573803313198222,-1.1237713349052476,-1.2592288793217572,-0.3421104893438741
609,0.08365294968062233,-0.7891594563761749,-1.8597109150959,-2.075896134322357,0.7941368058034197,-0.3421104893438741
610,0.08365294968062233,-0.7891594563761749,0.6937849605682166,1.7326030633460807,0.7941368058034197,-0.3421104893438741
611,1.2901143795189296,0.28908156928306195,-1.8597109150959,-1.1237713349052476,-1.2592288793217572,-0.3421104893438741
612,0.08365294968062233,0.0734333641512146,1.5449502524562555,1.7326030633460807,0.7941368058034197,-0.3421104893438741
613,0.08365294968062233,-0.7891594563761749,0.6937849605682166,-0.17164653548813819,0.7941368058034197,-0.3421104893438741
614,0.08365294968062233,-0.35786304611248015,-0.1573803313198222,-0.17164653548813819,0.7941368058034197,-0.3421104893438741
615,0.08365294968062233,-0.7891594563761749,-0.1573803313198222,-1.1237713349052476,-1.2592288793217572,-0.3421104893438741
616,-1.122808480157685,-0.35786304611248015,-1.0085456232078611,-0.17164653548813819,-1.2592288793217572,-0.3421104893438741
617,1.2901143795189296,-0.7891594563761749,-1.0085456232078611,-0.17164653548813819,-1.2592288793217572,-0.3421104893438741
618,0.08365294968062233,-0.7891594563761749,0.6937849605682166,-0.17164653548813819,-1.2592288793217572,-0.3421104893438741
619,0.08365294968062233,0.5047297744149093,-1.0085456232078611,-0.17164653548813819,0.7941368058034197,-0.3421104893438741
620,0.08365294968062233,0.0734333641512146,0.6937849605682166,-0.17164653548813819,0.7941368058034197,-0.3421104893438741
621,0.08365294968062233,-0.7891594563761749,-1.0085456232078611,-1.1237713349052476,-1.2592288793217572,-0.3421104893438741
622,0.08365294968062233,-0.7891594563761749,0.6937849605682166,-0.17164653548813819,0.7941368058034197,-0.3421104893438741
623,1.2901143795189296,-0.7891594563761749,-1.0085456232078611,-1.1237713349052476,-1.2592288793217572,-0.3421104893438741
624,-1.122808480157685,-0.7891594563761749,-1.8597109150959,-1.1237713349052476,0.7941368058034197,-0.3421104893438741
625,-1.122808480157685,-0.7891594563761749,-0.1573803313198222,-1.1237713349052476,0.7941368058034197,-0.3421104893438741
626,0.08365294968062233,-0.7891594563761749,-1.0085456232078611,-1.1237713349052476,0.7941368058034197,-0.3421104893438741
627,-1.122808480157685,-0.14221484098063278,-0.1573803313198222,-0.17164653548813819,0.7941368058034197,-0.3421104893438741
628,1.2901143795189296,0.9360261846786041,-0.1573803313198222,0.7804782639289712,-1.2592288793217572,-0.3421104893438741
629,-1.122808480157685,0.0734333641512146,1.5449502524562555,1.7326030633460807,-1.2592288793217572,-0.3421104893438741
630,1.2901143795189296,-0.7891594563761749,0.6937849605682166,0.7804782639289712,-1.2592288793217572,-0.3421104893438741
631,1.2901143795189296,0.0734333641512146,-1.0085456232078611,-0.17164653548813819,-1.2592288793217572,-0.3421104893438741
632,0.08365294968062233,0.0734333641512146,-0.1573803313198222,-0.17164653548813819,0.7941368058034197,-0.3421104893438741
633,0.08365294968062233,-0.5735112512443276,-0.1573803313198222,0.7804782639289712,-1.2592288793217572,-0.3421104893438741
634,0.08365294968062233,-0.5735112512443276,-0.1573803313198222,-2.075896134322357,-1.2592288793217572,-0.3421104893438741
635,0.08365294968062233,1.367322594942299,0.6937849605682166,1.7326030633460807,0.7941368058034197,-0.3421104893438741
636,0.08365294968062233,0.0734333641512146,0.6937849605682166,-1.1237713349052476,-1.2592288793217572,-0.3421104893438741
637,-1.122808480157685,-0.7891594563761749,-0.1573803313198222,0.7804782639289712,-1.2592288793217572,-0.3421104893438741
638,0.08365294968062233,0.0734333641512146,-0.1573803313198222,0.7804782639289712,-1.2592288793217572,-0.3421104893438741
639,-1.122808480157685,-0.7891594563761749,-1.0085456232078611,-0.17164653548813819,-1.2592288793217572,-0.3421104893438741
640,-1.122808480157685,-0.7891594563761749,-0.1573803313198222,0.7804782639289712,-1.2592288793217572,-0.3421104893438741
641,1.2901143795189296,-0.7891594563761749,-0.1573803313198222,-0.17164653548813819,-1.2592288793217572,-0.3421104893438741
642,0.08365294968062233,-0.7891594563761749,0.6937849605682166,1.7326030633460807,-1.2592288793217572,-0.3421104893438741
643,-1.122808480157685,0.0734333641512146,-0.1573803313198222,0.7804782639289712,0.7941368058034197,-0.3421104893438741
644,1.2901143795189296,0.0734333641512146,-1.0085456232078611,0.7804782639289712,-1.2592288793217572,-0.3421104893438741
645,0.08365294968062233,0.0734333641512146,0.6937849605682166,-0.17164653548813819,0.7941368058034197,-0.3421104893438741
646,0.08365294968062233,0.5047297744149093,-1.8597109150959,-2.075896134322357,-1.2592288793217572,-0.3421104893438741
647,-1.122808480157685,0.5047297744149093,1.5449502524562555,0.7804782639289712,-1.2592288793217572,-0.3421104893438741
648,-1.122808480157685,0.0734333641512146,-1.8597109150959,0.7804782639289712,-1.2592288793217572,-0.3421104893438741
